<application>
  <component name="ProjectJdkTable">
    <jdk version="2">
      <name value="RVM: ruby-2.4.1" />
      <type value="RUBY_SDK" />
      <version value="ver.2.4.1p111 ( revision 58053) p111" />
      <homePath value="$USER_HOME$/.rvm/rubies/ruby-2.4.1/bin/ruby" />
      <roots>
        <classPath>
          <root type="composite">
            <root url="file://$USER_HOME$/.rvm/rubies/ruby-2.4.1/lib/ruby/site_ruby/2.4.0" type="simple" />
            <root url="file://$USER_HOME$/.rvm/rubies/ruby-2.4.1/lib/ruby/site_ruby/2.4.0/x86_64-darwin15" type="simple" />
            <root url="file://$USER_HOME$/.rvm/rubies/ruby-2.4.1/lib/ruby/site_ruby" type="simple" />
            <root url="file://$USER_HOME$/.rvm/rubies/ruby-2.4.1/lib/ruby/vendor_ruby/2.4.0" type="simple" />
            <root url="file://$USER_HOME$/.rvm/rubies/ruby-2.4.1/lib/ruby/vendor_ruby/2.4.0/x86_64-darwin15" type="simple" />
            <root url="file://$USER_HOME$/.rvm/rubies/ruby-2.4.1/lib/ruby/vendor_ruby" type="simple" />
            <root url="file://$USER_HOME$/.rvm/rubies/ruby-2.4.1/lib/ruby/2.4.0" type="simple" />
            <root url="file://$USER_HOME$/.rvm/rubies/ruby-2.4.1/lib/ruby/2.4.0/x86_64-darwin15" type="simple" />
            <root url="file://$APPLICATION_HOME_DIR$/rubystubs24" type="simple" />
          </root>
        </classPath>
        <sourcePath>
          <root type="composite">
            <root url="file://$USER_HOME$/.rvm/rubies/ruby-2.4.1/lib/ruby/site_ruby/2.4.0" type="simple" />
            <root url="file://$USER_HOME$/.rvm/rubies/ruby-2.4.1/lib/ruby/site_ruby/2.4.0/x86_64-darwin15" type="simple" />
            <root url="file://$USER_HOME$/.rvm/rubies/ruby-2.4.1/lib/ruby/site_ruby" type="simple" />
            <root url="file://$USER_HOME$/.rvm/rubies/ruby-2.4.1/lib/ruby/vendor_ruby/2.4.0" type="simple" />
            <root url="file://$USER_HOME$/.rvm/rubies/ruby-2.4.1/lib/ruby/vendor_ruby/2.4.0/x86_64-darwin15" type="simple" />
            <root url="file://$USER_HOME$/.rvm/rubies/ruby-2.4.1/lib/ruby/vendor_ruby" type="simple" />
            <root url="file://$USER_HOME$/.rvm/rubies/ruby-2.4.1/lib/ruby/2.4.0" type="simple" />
            <root url="file://$USER_HOME$/.rvm/rubies/ruby-2.4.1/lib/ruby/2.4.0/x86_64-darwin15" type="simple" />
            <root url="file://$APPLICATION_HOME_DIR$/rubystubs24" type="simple" />
          </root>
        </sourcePath>
      </roots>
      <additional NORMALIZED_VERSION_STRING="ver.2.4.1p111 ( revision 58053) p111" GEMS_BIN_DIR_PATH="$USER_HOME$/.rvm/rubies/ruby-2.4.1/bin">
        <VERSION_MANAGER ID="rvm">
          <distribution-id>ruby-2.4.1</distribution-id>
          <version-manager-path>$USER_HOME$/.rvm/bin/rvm</version-manager-path>
        </VERSION_MANAGER>
      </additional>
    </jdk>
    <jdk version="2">
      <name value="RVM: ruby-2.4.1 [global]" />
      <type value="RUBY_SDK" />
      <version value="ver.2.4.1p111 ( revision 58053) p111" />
      <homePath value="$USER_HOME$/.rvm/rubies/ruby-2.4.1/bin/ruby" />
      <roots>
        <classPath>
          <root type="composite">
            <root url="file://$USER_HOME$/.rvm/gems/ruby-2.4.1@global/gems/did_you_mean-1.1.0/lib" type="simple" />
            <root url="file://$USER_HOME$/.rvm/rubies/ruby-2.4.1/lib/ruby/site_ruby/2.4.0" type="simple" />
            <root url="file://$USER_HOME$/.rvm/rubies/ruby-2.4.1/lib/ruby/site_ruby/2.4.0/x86_64-darwin15" type="simple" />
            <root url="file://$USER_HOME$/.rvm/rubies/ruby-2.4.1/lib/ruby/site_ruby" type="simple" />
            <root url="file://$USER_HOME$/.rvm/rubies/ruby-2.4.1/lib/ruby/vendor_ruby/2.4.0" type="simple" />
            <root url="file://$USER_HOME$/.rvm/rubies/ruby-2.4.1/lib/ruby/vendor_ruby/2.4.0/x86_64-darwin15" type="simple" />
            <root url="file://$USER_HOME$/.rvm/rubies/ruby-2.4.1/lib/ruby/vendor_ruby" type="simple" />
            <root url="file://$USER_HOME$/.rvm/rubies/ruby-2.4.1/lib/ruby/2.4.0" type="simple" />
            <root url="file://$USER_HOME$/.rvm/rubies/ruby-2.4.1/lib/ruby/2.4.0/x86_64-darwin15" type="simple" />
            <root url="file://$APPLICATION_HOME_DIR$/rubystubs24" type="simple" />
          </root>
        </classPath>
        <sourcePath>
          <root type="composite">
            <root url="file://$USER_HOME$/.rvm/gems/ruby-2.4.1@global/gems/did_you_mean-1.1.0/lib" type="simple" />
            <root url="file://$USER_HOME$/.rvm/rubies/ruby-2.4.1/lib/ruby/site_ruby/2.4.0" type="simple" />
            <root url="file://$USER_HOME$/.rvm/rubies/ruby-2.4.1/lib/ruby/site_ruby/2.4.0/x86_64-darwin15" type="simple" />
            <root url="file://$USER_HOME$/.rvm/rubies/ruby-2.4.1/lib/ruby/site_ruby" type="simple" />
            <root url="file://$USER_HOME$/.rvm/rubies/ruby-2.4.1/lib/ruby/vendor_ruby/2.4.0" type="simple" />
            <root url="file://$USER_HOME$/.rvm/rubies/ruby-2.4.1/lib/ruby/vendor_ruby/2.4.0/x86_64-darwin15" type="simple" />
            <root url="file://$USER_HOME$/.rvm/rubies/ruby-2.4.1/lib/ruby/vendor_ruby" type="simple" />
            <root url="file://$USER_HOME$/.rvm/rubies/ruby-2.4.1/lib/ruby/2.4.0" type="simple" />
            <root url="file://$USER_HOME$/.rvm/rubies/ruby-2.4.1/lib/ruby/2.4.0/x86_64-darwin15" type="simple" />
            <root url="file://$APPLICATION_HOME_DIR$/rubystubs24" type="simple" />
          </root>
        </sourcePath>
      </roots>
      <additional NORMALIZED_VERSION_STRING="ver.2.4.1p111 ( revision 58053) p111" GEMS_BIN_DIR_PATH="$USER_HOME$/.rvm/rubies/ruby-2.4.1/bin">
        <VERSION_MANAGER ID="rvm">
          <distribution-id>ruby-2.4.1@global</distribution-id>
          <version-manager-path>$USER_HOME$/.rvm/bin/rvm</version-manager-path>
        </VERSION_MANAGER>
      </additional>
    </jdk>
    <jdk version="2">
      <name value="RVM: ruby-2.3.7" />
      <type value="RUBY_SDK" />
      <version value="ver.2.3.7p456 ( revision 63024) p456" />
      <homePath value="$USER_HOME$/.rvm/rubies/ruby-2.3.7/bin/ruby" />
      <roots>
        <classPath>
          <root type="composite">
            <root url="file://$USER_HOME$/.rvm/gems/ruby-2.3.7@global/gems/did_you_mean-1.0.0/lib" type="simple" />
            <root url="file://$USER_HOME$/.rvm/rubies/ruby-2.3.7/lib/ruby/site_ruby/2.3.0" type="simple" />
            <root url="file://$USER_HOME$/.rvm/rubies/ruby-2.3.7/lib/ruby/site_ruby/2.3.0/x86_64-darwin18" type="simple" />
            <root url="file://$USER_HOME$/.rvm/rubies/ruby-2.3.7/lib/ruby/site_ruby" type="simple" />
            <root url="file://$USER_HOME$/.rvm/rubies/ruby-2.3.7/lib/ruby/vendor_ruby/2.3.0" type="simple" />
            <root url="file://$USER_HOME$/.rvm/rubies/ruby-2.3.7/lib/ruby/vendor_ruby/2.3.0/x86_64-darwin18" type="simple" />
            <root url="file://$USER_HOME$/.rvm/rubies/ruby-2.3.7/lib/ruby/vendor_ruby" type="simple" />
            <root url="file://$USER_HOME$/.rvm/rubies/ruby-2.3.7/lib/ruby/2.3.0" type="simple" />
            <root url="file://$USER_HOME$/.rvm/rubies/ruby-2.3.7/lib/ruby/2.3.0/x86_64-darwin18" type="simple" />
            <root url="file://$APPLICATION_HOME_DIR$/rubystubs23" type="simple" />
          </root>
        </classPath>
        <sourcePath>
          <root type="composite">
            <root url="file://$USER_HOME$/.rvm/gems/ruby-2.3.7@global/gems/did_you_mean-1.0.0/lib" type="simple" />
            <root url="file://$USER_HOME$/.rvm/rubies/ruby-2.3.7/lib/ruby/site_ruby/2.3.0" type="simple" />
            <root url="file://$USER_HOME$/.rvm/rubies/ruby-2.3.7/lib/ruby/site_ruby/2.3.0/x86_64-darwin18" type="simple" />
            <root url="file://$USER_HOME$/.rvm/rubies/ruby-2.3.7/lib/ruby/site_ruby" type="simple" />
            <root url="file://$USER_HOME$/.rvm/rubies/ruby-2.3.7/lib/ruby/vendor_ruby/2.3.0" type="simple" />
            <root url="file://$USER_HOME$/.rvm/rubies/ruby-2.3.7/lib/ruby/vendor_ruby/2.3.0/x86_64-darwin18" type="simple" />
            <root url="file://$USER_HOME$/.rvm/rubies/ruby-2.3.7/lib/ruby/vendor_ruby" type="simple" />
            <root url="file://$USER_HOME$/.rvm/rubies/ruby-2.3.7/lib/ruby/2.3.0" type="simple" />
            <root url="file://$USER_HOME$/.rvm/rubies/ruby-2.3.7/lib/ruby/2.3.0/x86_64-darwin18" type="simple" />
            <root url="file://$APPLICATION_HOME_DIR$/rubystubs23" type="simple" />
          </root>
        </sourcePath>
      </roots>
      <additional NORMALIZED_VERSION_STRING="ver.2.3.7p456 ( revision 63024) p456" GEMS_BIN_DIR_PATH="$USER_HOME$/.rvm/gems/ruby-2.3.7/bin">
        <VERSION_MANAGER ID="rvm">
          <distribution-id>ruby-2.3.7</distribution-id>
          <version-manager-path>$USER_HOME$/.rvm/bin/rvm</version-manager-path>
        </VERSION_MANAGER>
      </additional>
    </jdk>
    <jdk version="2">
      <name value="RVM: ruby-2.3.7 [global]" />
      <type value="RUBY_SDK" />
      <version value="ver.2.3.7p456 ( revision 63024) p456" />
      <homePath value="$USER_HOME$/.rvm/rubies/ruby-2.3.7/bin/ruby" />
      <roots>
        <classPath>
          <root type="composite">
            <root url="file://$USER_HOME$/.rvm/gems/ruby-2.3.7@global/gems/did_you_mean-1.0.0/lib" type="simple" />
            <root url="file://$USER_HOME$/.rvm/rubies/ruby-2.3.7/lib/ruby/site_ruby/2.3.0" type="simple" />
            <root url="file://$USER_HOME$/.rvm/rubies/ruby-2.3.7/lib/ruby/site_ruby/2.3.0/x86_64-darwin18" type="simple" />
            <root url="file://$USER_HOME$/.rvm/rubies/ruby-2.3.7/lib/ruby/site_ruby" type="simple" />
            <root url="file://$USER_HOME$/.rvm/rubies/ruby-2.3.7/lib/ruby/vendor_ruby/2.3.0" type="simple" />
            <root url="file://$USER_HOME$/.rvm/rubies/ruby-2.3.7/lib/ruby/vendor_ruby/2.3.0/x86_64-darwin18" type="simple" />
            <root url="file://$USER_HOME$/.rvm/rubies/ruby-2.3.7/lib/ruby/vendor_ruby" type="simple" />
            <root url="file://$USER_HOME$/.rvm/rubies/ruby-2.3.7/lib/ruby/2.3.0" type="simple" />
            <root url="file://$USER_HOME$/.rvm/rubies/ruby-2.3.7/lib/ruby/2.3.0/x86_64-darwin18" type="simple" />
            <root url="file://$APPLICATION_HOME_DIR$/rubystubs23" type="simple" />
          </root>
        </classPath>
        <sourcePath>
          <root type="composite">
            <root url="file://$USER_HOME$/.rvm/gems/ruby-2.3.7@global/gems/did_you_mean-1.0.0/lib" type="simple" />
            <root url="file://$USER_HOME$/.rvm/rubies/ruby-2.3.7/lib/ruby/site_ruby/2.3.0" type="simple" />
            <root url="file://$USER_HOME$/.rvm/rubies/ruby-2.3.7/lib/ruby/site_ruby/2.3.0/x86_64-darwin18" type="simple" />
            <root url="file://$USER_HOME$/.rvm/rubies/ruby-2.3.7/lib/ruby/site_ruby" type="simple" />
            <root url="file://$USER_HOME$/.rvm/rubies/ruby-2.3.7/lib/ruby/vendor_ruby/2.3.0" type="simple" />
            <root url="file://$USER_HOME$/.rvm/rubies/ruby-2.3.7/lib/ruby/vendor_ruby/2.3.0/x86_64-darwin18" type="simple" />
            <root url="file://$USER_HOME$/.rvm/rubies/ruby-2.3.7/lib/ruby/vendor_ruby" type="simple" />
            <root url="file://$USER_HOME$/.rvm/rubies/ruby-2.3.7/lib/ruby/2.3.0" type="simple" />
            <root url="file://$USER_HOME$/.rvm/rubies/ruby-2.3.7/lib/ruby/2.3.0/x86_64-darwin18" type="simple" />
            <root url="file://$APPLICATION_HOME_DIR$/rubystubs23" type="simple" />
          </root>
        </sourcePath>
      </roots>
      <additional NORMALIZED_VERSION_STRING="ver.2.3.7p456 ( revision 63024) p456" GEMS_BIN_DIR_PATH="$USER_HOME$/.rvm/gems/ruby-2.3.7@global/bin">
        <VERSION_MANAGER ID="rvm">
          <distribution-id>ruby-2.3.7@global</distribution-id>
          <version-manager-path>$USER_HOME$/.rvm/bin/rvm</version-manager-path>
        </VERSION_MANAGER>
      </additional>
    </jdk>
  </component>
</application>