<application>
  <component name="VimSettings">
    <state version="4" enabled="true" />
    <globalmarks />
    <filemarks>
      <file name="$USER_HOME$/Documents/Projects/rails_projects/podknife/spec/controllers/search_controller_spec.rb" timestamp="1538206144725">
        <mark key="'" line="0" column="15" />
        <mark key="[" line="0" column="1" />
        <mark key="]" line="0" column="11" />
        <mark key="." line="0" column="11" />
        <mark key="^" line="0" column="11" />
      </file>
      <file name="$USER_HOME$/Documents/Projects/openapply/app/extras/service/admin/form_generator.rb" timestamp="1565937721655">
        <mark key="'" line="0" column="15" />
        <mark key="[" line="14" column="0" />
        <mark key="]" line="14" column="0" />
        <mark key="^" line="14" column="0" />
        <mark key="." line="14" column="0" />
      </file>
      <file name="$USER_HOME$/Documents/Projects/openapply/app/views/nv/parent/profiles/edit.html.haml" timestamp="1565752939447">
        <mark key="[" line="5" column="0" />
        <mark key="]" line="5" column="0" />
        <mark key="." line="5" column="0" />
      </file>
      <file name="$USER_HOME$/Documents/Projects/openapply/app/controllers/nv/admin/forms_controller.rb" timestamp="1565925959608">
        <mark key="'" line="12" column="0" />
        <mark key="[" line="60" column="0" />
        <mark key="]" line="60" column="0" />
        <mark key="." line="60" column="0" />
      </file>
      <file name="$USER_HOME$/Documents/Projects/openapply/config/initializers/carrierwave_fog.rb" timestamp="1565927940883">
        <mark key="[" line="5" column="34" />
        <mark key="]" line="5" column="44" />
        <mark key="^" line="5" column="44" />
        <mark key="." line="5" column="44" />
      </file>
      <file name="$USER_HOME$/Documents/Projects/openapply/lib/tasks/add_receive_sms_checkbox.rake" timestamp="1565747183014">
        <mark key="[" line="1" column="0" />
        <mark key="]" line="1" column="0" />
        <mark key="." line="1" column="0" />
      </file>
      <file name="$USER_HOME$/Documents/Projects/rails_projects/podknife/app/javascript/components/views/PodcastGrid.jsx" timestamp="1538295461224">
        <mark key="'" line="54" column="12" />
        <mark key="[" line="10" column="16" />
        <mark key="]" line="10" column="16" />
        <mark key="^" line="10" column="20" />
        <mark key="." line="10" column="16" />
      </file>
      <file name="$USER_HOME$/Documents/Projects/rails_projects/podknife/config/routes.rb" timestamp="1538204449995">
        <mark key="'" line="16" column="2" />
        <mark key="[" line="16" column="40" />
        <mark key="]" line="16" column="39" />
        <mark key="^" line="16" column="39" />
        <mark key="." line="16" column="39" />
      </file>
      <file name="$USER_HOME$/.rvm/gems/ruby-2.4.1/gems/railties-5.2.1/lib/rails/generators/generated_attribute.rb" timestamp="1538031484184">
        <mark key="'" line="16" column="10" />
        <mark key="[" line="16" column="0" />
        <mark key="]" line="16" column="0" />
        <mark key="." line="16" column="0" />
        <mark key="^" line="16" column="20" />
      </file>
      <file name="$USER_HOME$/Documents/Projects/openapply/app/views/nv/shared/_field_group_record_fields.html.haml" timestamp="1565749940167">
        <mark key="'" line="26" column="51" />
      </file>
      <file name="$USER_HOME$/.rvm/gems/ruby-2.3.0/gems/react-rails-2.4.4/lib/react/server_rendering/bundle_renderer.rb" timestamp="1538290261733">
        <mark key="'" line="2" column="32" />
      </file>
      <file name="$USER_HOME$/Documents/Projects/openapply/app/models/fields/field_checkbox.rb" timestamp="1565748408376">
        <mark key="'" line="60" column="0" />
      </file>
      <file name="$USER_HOME$/.rvm/gems/ruby-2.4.1/gems/railties-5.1.3/lib/rails/generators/generated_attribute.rb" timestamp="1538032905912">
        <mark key="'" line="62" column="36" />
        <mark key="[" line="63" column="37" />
        <mark key="]" line="63" column="36" />
        <mark key="." line="63" column="36" />
        <mark key="^" line="63" column="36" />
      </file>
      <file name="$USER_HOME$/.rvm/gems/ruby-2.4.1/gems/thor-0.20.0/lib/thor/group.rb" timestamp="1538033498046">
        <mark key="'" line="0" column="0" />
      </file>
      <file name="$USER_HOME$/Documents/Projects/rails_projects/podknife/app/javascript/components/views/CategoryLocationGrid.jsx" timestamp="1538295565594">
        <mark key="'" line="42" column="33" />
        <mark key="[" line="8" column="16" />
        <mark key="]" line="8" column="16" />
        <mark key="^" line="8" column="16" />
        <mark key="." line="8" column="16" />
      </file>
      <file name="$USER_HOME$/.rvm/gems/ruby-2.4.1/gems/railties-5.1.6/lib/rails/generators/actions.rb" timestamp="1538033842581">
        <mark key="'" line="298" column="0" />
      </file>
      <file name="$USER_HOME$/Documents/Projects/openapply/app/views/shared/_stacked_form_fields.html.haml" timestamp="1565753957443">
        <mark key="'" line="34" column="14" />
        <mark key="[" line="1" column="0" />
        <mark key="]" line="1" column="0" />
        <mark key="." line="1" column="0" />
      </file>
      <file name="$USER_HOME$/Documents/Projects/openapply/app/models/fields/column_multi_option.rb" timestamp="1565746057960">
        <mark key="'" line="1" column="0" />
        <mark key="[" line="26" column="0" />
        <mark key="]" line="26" column="0" />
        <mark key="^" line="26" column="0" />
        <mark key="." line="26" column="0" />
      </file>
      <file name="/Dummy.txt" timestamp="1565754043222">
        <mark key="[" line="0" column="0" />
      </file>
      <file name="$USER_HOME$/.rvm/gems/ruby-2.4.1/gems/railties-5.1.6/lib/rails/generators/base.rb" timestamp="1538033823960">
        <mark key="'" line="16" column="33" />
      </file>
      <file name="$USER_HOME$/.rvm/gems/ruby-2.4.1/gems/railties-5.2.1/lib/rails/generators/named_base.rb" timestamp="1538031487842">
        <mark key="[" line="11" column="0" />
        <mark key="]" line="11" column="0" />
        <mark key="." line="11" column="0" />
      </file>
      <file name="$USER_HOME$/Documents/Projects/openapply/lib/tasks/add_receive_sms_checkbox_fields.rake" timestamp="1565753336527">
        <mark key="'" line="4" column="4" />
        <mark key="[" line="9" column="34" />
        <mark key="]" line="10" column="19" />
        <mark key="." line="10" column="19" />
        <mark key="^" line="10" column="19" />
      </file>
      <file name="$USER_HOME$/Documents/Projects/openapply/app/views/nv/admin/forms/_form.html.haml" timestamp="1565925816271">
        <mark key="'" line="11" column="16" />
      </file>
      <file name="$USER_HOME$/Documents/Projects/rails_projects/podknife/app/javascript/components/HomePage.jsx" timestamp="1538296365696">
        <mark key="'" line="17" column="0" />
        <mark key="[" line="11" column="85" />
        <mark key="]" line="8" column="16" />
        <mark key="." line="11" column="85" />
        <mark key="^" line="8" column="16" />
      </file>
      <file name="$USER_HOME$/Documents/Projects/openapply/app/controllers/nv/admin/fields_controller.rb" timestamp="1565924442239" />
      <file name="$USER_HOME$/.rvm/gems/ruby-2.3.0/gems/react-rails-2.4.4/lib/react/server_rendering/webpacker_manifest_container.rb" timestamp="1538293997850">
        <mark key="'" line="81" column="47" />
      </file>
      <file name="$USER_HOME$/Documents/Projects/openapply/lib/tasks/add_other_ree_forms.rake" timestamp="1565746845351">
        <mark key="'" line="20" column="35" />
      </file>
      <file name="$USER_HOME$/Documents/Projects/rails_projects/podknife/app/controllers/search_controller.rb" timestamp="1538297693025">
        <mark key="[" line="82" column="0" />
        <mark key="]" line="82" column="0" />
        <mark key="." line="82" column="0" />
      </file>
      <file name="$USER_HOME$/Documents/Projects/openapply/db/migrate/20130613021232_add_some_global_fields.rb" timestamp="1565926461079">
        <mark key="'" line="105" column="10" />
      </file>
      <file name="$USER_HOME$/Documents/Projects/openapply/app/controllers/concerns/base_basic.rb" timestamp="1565935049703">
        <mark key="'" line="152" column="4" />
        <mark key="[" line="34" column="0" />
        <mark key="]" line="34" column="0" />
        <mark key="." line="34" column="0" />
      </file>
      <file name="$USER_HOME$/Documents/Projects/rails_projects/podknife/app/javascript/components/SearchResultsPage.jsx" timestamp="1538205560265">
        <mark key="'" line="75" column="18" />
        <mark key="[" line="75" column="18" />
        <mark key="]" line="75" column="28" />
        <mark key="." line="75" column="28" />
        <mark key="^" line="75" column="28" />
      </file>
      <file name="$USER_HOME$/.rvm/gems/ruby-2.4.1/gems/railties-5.1.6/lib/rails/generators/named_base.rb" timestamp="1538033677913">
        <mark key="'" line="6" column="25" />
        <mark key="[" line="196" column="0" />
        <mark key="]" line="196" column="0" />
        <mark key="^" line="196" column="20" />
        <mark key="." line="196" column="0" />
      </file>
      <file name="$USER_HOME$/Documents/Projects/openapply/app/controllers/parent/profiles_controller.rb" timestamp="1565753205644">
        <mark key="'" line="68" column="18" />
        <mark key="[" line="78" column="0" />
        <mark key="]" line="78" column="0" />
        <mark key="." line="78" column="0" />
      </file>
      <file name="$USER_HOME$/Documents/Projects/rails_projects/podknife/node_modules/prop-types/prop-types.js" timestamp="1538296081522">
        <mark key="'" line="95" column="4" />
      </file>
      <file name="$USER_HOME$/.rvm/gems/ruby-2.4.1/gems/railties-5.1.6/lib/rails/generators/generated_attribute.rb" timestamp="1538033919729">
        <mark key="'" line="100" column="13" />
      </file>
      <file name="$USER_HOME$/Documents/Projects/openapply/app/extras/service/admin/form_generator/roi_form.rb" timestamp="1565937816766">
        <mark key="'" line="26" column="50" />
        <mark key="[" line="26" column="131" />
        <mark key="]" line="26" column="132" />
        <mark key="." line="26" column="132" />
        <mark key="^" line="26" column="136" />
      </file>
      <file name="$USER_HOME$/.rvm/gems/ruby-2.4.1/gems/railties-5.2.1/lib/rails/generators/model_helpers.rb" timestamp="1538029800024">
        <mark key="'" line="22" column="0" />
      </file>
      <file name="$USER_HOME$/Documents/Projects/openapply/app/models/fields/school_field.rb" timestamp="1565753127345">
        <mark key="'" line="709" column="5" />
      </file>
      <file name="$USER_HOME$/Documents/Projects/openapply/app/extras/service/finalsite_bootstrap.rb" timestamp="1565753777912">
        <mark key="'" line="669" column="11" />
      </file>
      <file name="$USER_HOME$/Documents/Projects/openapply/app/controllers/application_controller.rb" timestamp="1565934307328">
        <mark key="'" line="48" column="14" />
        <mark key="[" line="42" column="0" />
        <mark key="]" line="42" column="0" />
        <mark key="." line="42" column="0" />
      </file>
      <file name="$USER_HOME$/Documents/Projects/openapply/app/helpers/school_fields_helper.rb" timestamp="1565753976853">
        <mark key="'" line="12" column="6" />
      </file>
    </filemarks>
    <jumps>
      <jump line="1" column="0" filename="$USER_HOME$/Documents/Projects/openapply/app/models/fields/field_checkbox.rb" />
      <jump line="54" column="0" filename="$USER_HOME$/Documents/Projects/openapply/app/models/fields/field_checkbox.rb" />
      <jump line="36" column="0" filename="$USER_HOME$/Documents/Projects/openapply/app/models/fields/column_multi_option.rb" />
      <jump line="1" column="0" filename="$USER_HOME$/Documents/Projects/openapply/app/models/fields/column_multi_option.rb" />
      <jump line="20" column="35" filename="$USER_HOME$/Documents/Projects/openapply/lib/tasks/add_other_ree_forms.rake" />
      <jump line="6" column="3" filename="$USER_HOME$/Documents/Projects/openapply/lib/tasks/add_receive_sms_checkbox_fields.rake" />
      <jump line="14" column="2" filename="$USER_HOME$/Documents/Projects/openapply/lib/tasks/add_receive_sms_checkbox_fields.rake" />
      <jump line="21" column="68" filename="$USER_HOME$/Documents/Projects/openapply/lib/tasks/add_receive_sms_checkbox_fields.rake" />
      <jump line="7" column="0" filename="$USER_HOME$/Documents/Projects/openapply/lib/tasks/add_receive_sms_checkbox_fields.rake" />
      <jump line="246" column="9" filename="$USER_HOME$/Documents/Projects/openapply/app/models/fields/school_field.rb" />
      <jump line="314" column="11" filename="$USER_HOME$/Documents/Projects/openapply/app/models/fields/school_field.rb" />
      <jump line="317" column="0" filename="$USER_HOME$/Documents/Projects/openapply/app/models/fields/school_field.rb" />
      <jump line="318" column="11" filename="$USER_HOME$/Documents/Projects/openapply/app/models/fields/school_field.rb" />
      <jump line="37" column="0" filename="$USER_HOME$/Documents/Projects/openapply/app/models/fields/field_checkbox.rb" />
      <jump line="45" column="0" filename="$USER_HOME$/Documents/Projects/openapply/app/models/fields/field_checkbox.rb" />
      <jump line="49" column="0" filename="$USER_HOME$/Documents/Projects/openapply/app/models/fields/field_checkbox.rb" />
      <jump line="55" column="0" filename="$USER_HOME$/Documents/Projects/openapply/app/models/fields/field_checkbox.rb" />
      <jump line="61" column="0" filename="$USER_HOME$/Documents/Projects/openapply/app/models/fields/field_checkbox.rb" />
      <jump line="60" column="0" filename="$USER_HOME$/Documents/Projects/openapply/app/models/fields/field_checkbox.rb" />
      <jump line="26" column="51" filename="$USER_HOME$/Documents/Projects/openapply/app/views/nv/shared/_field_group_record_fields.html.haml" />
      <jump line="312" column="30" filename="$USER_HOME$/Documents/Projects/openapply/app/models/fields/school_field.rb" />
      <jump line="707" column="0" filename="$USER_HOME$/Documents/Projects/openapply/app/models/fields/school_field.rb" />
      <jump line="704" column="21" filename="$USER_HOME$/Documents/Projects/openapply/app/models/fields/school_field.rb" />
      <jump line="710" column="4" filename="$USER_HOME$/Documents/Projects/openapply/app/models/fields/school_field.rb" />
      <jump line="708" column="20" filename="$USER_HOME$/Documents/Projects/openapply/app/models/fields/school_field.rb" />
      <jump line="8" column="0" filename="$USER_HOME$/Documents/Projects/openapply/app/models/fields/school_field.rb" />
      <jump line="22" column="16" filename="$USER_HOME$/Documents/Projects/openapply/app/models/fields/school_field.rb" />
      <jump line="66" column="6" filename="$USER_HOME$/Documents/Projects/openapply/app/controllers/parent/profiles_controller.rb" />
      <jump line="2" column="20" filename="$USER_HOME$/Documents/Projects/openapply/app/views/shared/_stacked_form_fields.html.haml" />
      <jump line="82" column="0" filename="$USER_HOME$/Documents/Projects/openapply/app/controllers/parent/profiles_controller.rb" />
      <jump line="30" column="9" filename="$USER_HOME$/Documents/Projects/openapply/app/views/shared/_stacked_form_fields.html.haml" />
      <jump line="0" column="0" filename="$USER_HOME$/Documents/Projects/openapply/app/controllers/parent/profiles_controller.rb" />
      <jump line="712" column="11" filename="$USER_HOME$/Documents/Projects/openapply/app/models/fields/school_field.rb" />
      <jump line="37" column="4" filename="$USER_HOME$/Documents/Projects/openapply/app/controllers/parent/profiles_controller.rb" />
      <jump line="56" column="2" filename="$USER_HOME$/Documents/Projects/openapply/app/controllers/parent/profiles_controller.rb" />
      <jump line="60" column="6" filename="$USER_HOME$/Documents/Projects/openapply/app/controllers/parent/profiles_controller.rb" />
      <jump line="7" column="33" filename="$USER_HOME$/Documents/Projects/openapply/app/controllers/parent/profiles_controller.rb" />
      <jump line="713" column="5" filename="$USER_HOME$/Documents/Projects/openapply/app/models/fields/school_field.rb" />
      <jump line="709" column="5" filename="$USER_HOME$/Documents/Projects/openapply/app/models/fields/school_field.rb" />
      <jump line="68" column="18" filename="$USER_HOME$/Documents/Projects/openapply/app/controllers/parent/profiles_controller.rb" />
      <jump line="4" column="4" filename="$USER_HOME$/Documents/Projects/openapply/lib/tasks/add_receive_sms_checkbox_fields.rake" />
      <jump line="669" column="11" filename="$USER_HOME$/Documents/Projects/openapply/app/extras/service/finalsite_bootstrap.rb" />
      <jump line="5" column="11" filename="$USER_HOME$/Documents/Projects/openapply/app/views/shared/_stacked_form_fields.html.haml" />
      <jump line="0" column="2" filename="$USER_HOME$/Documents/Projects/openapply/app/views/shared/_stacked_form_fields.html.haml" />
      <jump line="34" column="14" filename="$USER_HOME$/Documents/Projects/openapply/app/views/shared/_stacked_form_fields.html.haml" />
      <jump line="12" column="6" filename="$USER_HOME$/Documents/Projects/openapply/app/helpers/school_fields_helper.rb" />
      <jump line="17" column="20" filename="$USER_HOME$/Documents/Projects/openapply/app/views/nv/admin/forms/_form.html.haml" />
      <jump line="110" column="15" filename="$USER_HOME$/Documents/Projects/openapply/app/views/nv/admin/forms/_form.html.haml" />
      <jump line="5" column="0" filename="$USER_HOME$/Documents/Projects/openapply/app/views/nv/admin/forms/_form.html.haml" />
      <jump line="37" column="16" filename="$USER_HOME$/Documents/Projects/openapply/app/views/nv/admin/forms/_form.html.haml" />
      <jump line="122" column="0" filename="$USER_HOME$/Documents/Projects/openapply/app/views/nv/admin/forms/_form.html.haml" />
      <jump line="8" column="0" filename="$USER_HOME$/Documents/Projects/openapply/app/views/nv/admin/forms/_form.html.haml" />
      <jump line="19" column="28" filename="$USER_HOME$/Documents/Projects/openapply/app/views/nv/admin/forms/_form.html.haml" />
      <jump line="129" column="4" filename="$USER_HOME$/Documents/Projects/openapply/app/views/nv/admin/forms/_form.html.haml" />
      <jump line="27" column="48" filename="$USER_HOME$/Documents/Projects/openapply/app/views/nv/admin/forms/_form.html.haml" />
      <jump line="125" column="0" filename="$USER_HOME$/Documents/Projects/openapply/app/views/nv/admin/forms/_form.html.haml" />
      <jump line="48" column="14" filename="$USER_HOME$/Documents/Projects/openapply/app/controllers/nv/admin/forms_controller.rb" />
      <jump line="17" column="14" filename="$USER_HOME$/Documents/Projects/openapply/app/controllers/nv/admin/forms_controller.rb" />
      <jump line="43" column="0" filename="$USER_HOME$/Documents/Projects/openapply/app/views/nv/admin/forms/_form.html.haml" />
      <jump line="0" column="0" filename="$USER_HOME$/Documents/Projects/openapply/app/views/nv/admin/forms/_form.html.haml" />
      <jump line="10" column="4" filename="$USER_HOME$/Documents/Projects/openapply/app/views/nv/admin/forms/_form.html.haml" />
      <jump line="42" column="10" filename="$USER_HOME$/Documents/Projects/openapply/app/views/nv/admin/forms/_form.html.haml" />
      <jump line="45" column="14" filename="$USER_HOME$/Documents/Projects/openapply/app/views/nv/admin/forms/_form.html.haml" />
      <jump line="47" column="14" filename="$USER_HOME$/Documents/Projects/openapply/app/views/nv/admin/forms/_form.html.haml" />
      <jump line="51" column="14" filename="$USER_HOME$/Documents/Projects/openapply/app/views/nv/admin/forms/_form.html.haml" />
      <jump line="55" column="12" filename="$USER_HOME$/Documents/Projects/openapply/app/views/nv/admin/forms/_form.html.haml" />
      <jump line="56" column="12" filename="$USER_HOME$/Documents/Projects/openapply/app/views/nv/admin/forms/_form.html.haml" />
      <jump line="88" column="14" filename="$USER_HOME$/Documents/Projects/openapply/app/views/nv/admin/forms/_form.html.haml" />
      <jump line="13" column="52" filename="$USER_HOME$/Documents/Projects/openapply/app/views/nv/admin/forms/_form.html.haml" />
      <jump line="14" column="35" filename="$USER_HOME$/Documents/Projects/openapply/app/views/nv/admin/forms/_form.html.haml" />
      <jump line="98" column="27" filename="$USER_HOME$/Documents/Projects/openapply/app/views/nv/admin/forms/_form.html.haml" />
      <jump line="11" column="16" filename="$USER_HOME$/Documents/Projects/openapply/app/views/nv/admin/forms/_form.html.haml" />
      <jump line="63" column="22" filename="$USER_HOME$/Documents/Projects/openapply/app/controllers/nv/admin/forms_controller.rb" />
      <jump line="134" column="23" filename="$USER_HOME$/Documents/Projects/openapply/app/controllers/nv/admin/forms_controller.rb" />
      <jump line="49" column="72" filename="$USER_HOME$/Documents/Projects/openapply/app/controllers/nv/admin/forms_controller.rb" />
      <jump line="12" column="0" filename="$USER_HOME$/Documents/Projects/openapply/app/controllers/nv/admin/forms_controller.rb" />
      <jump line="25" column="50" filename="$USER_HOME$/Documents/Projects/openapply/app/extras/service/admin/form_generator/roi_form.rb" />
      <jump line="26" column="50" filename="$USER_HOME$/Documents/Projects/openapply/app/extras/service/admin/form_generator/roi_form.rb" />
      <jump line="19" column="0" filename="$USER_HOME$/Documents/Projects/openapply/db/migrate/20130613021232_add_some_global_fields.rb" />
      <jump line="115" column="0" filename="$USER_HOME$/Documents/Projects/openapply/db/migrate/20130613021232_add_some_global_fields.rb" />
      <jump line="7" column="0" filename="$USER_HOME$/Documents/Projects/openapply/db/migrate/20130613021232_add_some_global_fields.rb" />
      <jump line="105" column="10" filename="$USER_HOME$/Documents/Projects/openapply/db/migrate/20130613021232_add_some_global_fields.rb" />
      <jump line="6" column="0" filename="$USER_HOME$/Documents/Projects/openapply/app/controllers/application_controller.rb" />
      <jump line="41" column="6" filename="$USER_HOME$/Documents/Projects/openapply/app/controllers/application_controller.rb" />
      <jump line="12" column="17" filename="$USER_HOME$/Documents/Projects/openapply/app/controllers/application_controller.rb" />
      <jump line="40" column="0" filename="$USER_HOME$/Documents/Projects/openapply/app/controllers/application_controller.rb" />
      <jump line="48" column="14" filename="$USER_HOME$/Documents/Projects/openapply/app/controllers/application_controller.rb" />
      <jump line="49" column="14" filename="$USER_HOME$/Documents/Projects/openapply/app/controllers/concerns/base_basic.rb" />
      <jump line="45" column="24" filename="$USER_HOME$/Documents/Projects/openapply/app/controllers/concerns/base_basic.rb" />
      <jump line="150" column="6" filename="$USER_HOME$/Documents/Projects/openapply/app/controllers/concerns/base_basic.rb" />
      <jump line="133" column="4" filename="$USER_HOME$/Documents/Projects/openapply/app/controllers/concerns/base_basic.rb" />
      <jump line="128" column="4" filename="$USER_HOME$/Documents/Projects/openapply/app/controllers/concerns/base_basic.rb" />
      <jump line="124" column="4" filename="$USER_HOME$/Documents/Projects/openapply/app/controllers/concerns/base_basic.rb" />
      <jump line="120" column="4" filename="$USER_HOME$/Documents/Projects/openapply/app/controllers/concerns/base_basic.rb" />
      <jump line="116" column="4" filename="$USER_HOME$/Documents/Projects/openapply/app/controllers/concerns/base_basic.rb" />
      <jump line="47" column="24" filename="$USER_HOME$/Documents/Projects/openapply/app/controllers/concerns/base_basic.rb" />
      <jump line="141" column="38" filename="$USER_HOME$/Documents/Projects/openapply/app/controllers/concerns/base_basic.rb" />
      <jump line="26" column="40" filename="$USER_HOME$/Documents/Projects/openapply/app/controllers/concerns/base_basic.rb" />
      <jump line="154" column="4" filename="$USER_HOME$/Documents/Projects/openapply/app/controllers/concerns/base_basic.rb" />
      <jump line="0" column="15" filename="$USER_HOME$/Documents/Projects/openapply/app/extras/service/admin/form_generator.rb" />
    </jumps>
    <registers>
      <register name="&quot;" type="4">
        <text>g</text>
      </register>
      <register name="-" type="4">
        <text>development</text>
      </register>
      <register name="/" type="4">
        <text>binding</text>
      </register>
      <register name="0" type="2">
        <text encoding="base64">ICAgIHAgJyoqKioqKioqKioqKioqKioqKioqKioqKioqKionCg==</text>
      </register>
      <register name="1" type="2">
        <text encoding="base64">Cg==</text>
      </register>
      <register name="2" type="2">
        <text encoding="base64">ICAgIGJpbmRpbmcucHJ5Cg==</text>
      </register>
      <register name="3" type="2">
        <text encoding="base64">ICAgIHAgJyoqKioqKioqKioqKioqKioqKioqKioqKioqKionCiAgICBwIGZpcnN0X3N1YmRvbWFpbgogICAgcCAnKioqKioqKioqKioqKioqKioqKioqKioqKioqKicK</text>
      </register>
      <register name="4" type="2">
        <text encoding="base64">ICAgIHAgJyoqKioqKioqKioqKioqKioqKioqKioqKioqKionCg==</text>
      </register>
      <register name="5" type="2">
        <text encoding="base64">Cg==</text>
      </register>
      <register name="6" type="2">
        <text encoding="base64">ICAgIEBfZmluZF9zY2hvb2wgPSBiZWdpbgo=</text>
      </register>
      <register name="7" type="2">
        <text encoding="base64">ICAgIHAgCg==</text>
      </register>
      <register name="8" type="2">
        <text encoding="base64">ICAgIGFzdGVyaXNrCg==</text>
      </register>
      <register name="9" type="2">
        <text encoding="base64">ICAgIGJpbmRpbmcucHJ5Cg==</text>
      </register>
      <register name=":" type="4">
        <text>wq</text>
      </register>
    </registers>
    <search>
      <last-search>binding</last-search>
      <last-offset />
      <last-pattern>binding</last-pattern>
      <last-dir>1</last-dir>
      <show-last>true</show-last>
    </search>
    <history>
      <history-search>
        <entry encoding="base64">XDxzZXR1cF9wYXJlbnRfZm9ybVw+</entry>
        <entry encoding="base64">XDxwYXJlbnRfbW9iaWxlX3Bob25lX2ZpZWxkXD4=</entry>
        <entry encoding="base64">XDxwYXJlbnRfcmVjZWl2ZV9zbXNfZmllbGRcPg==</entry>
        <entry encoding="base64">XDxGaWVsZENoZWNrYm94XD4=</entry>
        <entry>form</entry>
        <entry>def index</entry>
        <entry>def edit</entry>
        <entry>stack</entry>
        <entry>render</entry>
        <entry>fields</entry>
        <entry>telephone</entry>
        <entry>sub_domain</entry>
        <entry>subdmoain</entry>
        <entry>domain</entry>
        <entry encoding="base64">XDxkeW5hbWljX2RvbWFpblw+</entry>
        <entry>school</entry>
        <entry>def find_schhol</entry>
        <entry>def find_school</entry>
        <entry encoding="base64">XDxmaXJzdF9zdWJkb21haW5cPg==</entry>
        <entry>binding</entry>
      </history-search>
      <history-cmd>
        <entry>358</entry>
        <entry>call FollowTag()</entry>
        <entry>w</entry>
        <entry>wq</entry>
      </history-cmd>
      <history-expr />
      <history-input />
    </history>
    <shortcut-conflicts>
      <shortcut-conflict owner="ide">
        <text>ctrl pressed H</text>
      </shortcut-conflict>
      <shortcut-conflict owner="vim">
        <text>ctrl pressed CLOSE_BRACKET</text>
      </shortcut-conflict>
      <shortcut-conflict owner="vim">
        <text>ctrl pressed R</text>
      </shortcut-conflict>
      <shortcut-conflict owner="vim">
        <text>ctrl pressed B</text>
      </shortcut-conflict>
      <shortcut-conflict owner="vim">
        <text>ctrl pressed N</text>
      </shortcut-conflict>
      <shortcut-conflict owner="vim">
        <text>ctrl pressed L</text>
      </shortcut-conflict>
      <shortcut-conflict owner="vim">
        <text>ctrl pressed V</text>
      </shortcut-conflict>
    </shortcut-conflicts>
  </component>
</application>