<application>
  <component name="VimSettings">
    <state version="4" enabled="true" />
    <globalmarks />
    <filemarks>
      <file name="$USER_HOME$/Documents/Projects/rails_projects/podknife/spec/controllers/search_controller_spec.rb" timestamp="1538206144725">
        <mark key="'" line="0" column="15" />
        <mark key="[" line="0" column="1" />
        <mark key="]" line="0" column="11" />
        <mark key="." line="0" column="11" />
        <mark key="^" line="0" column="11" />
      </file>
      <file name="$USER_HOME$/Documents/Projects/openapply/app/extras/service/admin/form_generator.rb" timestamp="1565937721655">
        <mark key="'" line="0" column="15" />
        <mark key="[" line="14" column="0" />
        <mark key="]" line="14" column="0" />
        <mark key="^" line="14" column="0" />
        <mark key="." line="14" column="0" />
      </file>
      <file name="$USER_HOME$/Documents/Projects/openapply/app/controllers/nv/admin/forms_controller.rb" timestamp="1565925959608">
        <mark key="'" line="12" column="0" />
        <mark key="[" line="60" column="0" />
        <mark key="]" line="60" column="0" />
        <mark key="." line="60" column="0" />
      </file>
      <file name="$USER_HOME$/Documents/Projects/openapply/config/initializers/carrierwave_fog.rb" timestamp="1565927940883">
        <mark key="[" line="5" column="34" />
        <mark key="]" line="5" column="44" />
        <mark key="^" line="5" column="44" />
        <mark key="." line="5" column="44" />
      </file>
      <file name="$USER_HOME$/Documents/Projects/rails_projects/podknife/app/javascript/components/views/PodcastGrid.jsx" timestamp="1538295461224">
        <mark key="'" line="54" column="12" />
        <mark key="[" line="10" column="16" />
        <mark key="]" line="10" column="16" />
        <mark key="^" line="10" column="20" />
        <mark key="." line="10" column="16" />
      </file>
      <file name="$USER_HOME$/Documents/Projects/rails_projects/podknife/config/routes.rb" timestamp="1538204449995">
        <mark key="'" line="16" column="2" />
        <mark key="[" line="16" column="40" />
        <mark key="]" line="16" column="39" />
        <mark key="^" line="16" column="39" />
        <mark key="." line="16" column="39" />
      </file>
      <file name="$USER_HOME$/.rvm/gems/ruby-2.4.1/gems/railties-5.2.1/lib/rails/generators/generated_attribute.rb" timestamp="1538031484184">
        <mark key="'" line="16" column="10" />
        <mark key="[" line="16" column="0" />
        <mark key="]" line="16" column="0" />
        <mark key="." line="16" column="0" />
        <mark key="^" line="16" column="20" />
      </file>
      <file name="$USER_HOME$/Documents/Projects/openapply/app/views/nv/shared/_field_group_record_fields.html.haml" timestamp="1565749940167">
        <mark key="'" line="26" column="51" />
      </file>
      <file name="$USER_HOME$/Documents/Projects/openapply/app/models/fee.rb" timestamp="1574154566891">
        <mark key="'" line="167" column="15" />
        <mark key="[" line="48" column="2" />
        <mark key="]" line="48" column="14" />
        <mark key="^" line="48" column="39" />
        <mark key="." line="48" column="39" />
      </file>
      <file name="$USER_HOME$/.rvm/gems/ruby-2.3.0/gems/react-rails-2.4.4/lib/react/server_rendering/bundle_renderer.rb" timestamp="1538290261733">
        <mark key="'" line="2" column="32" />
      </file>
      <file name="$USER_HOME$/Documents/Projects/openapply/app/models/fields/field_checkbox.rb" timestamp="1565748408376">
        <mark key="'" line="60" column="0" />
      </file>
      <file name="$USER_HOME$/Documents/Projects/openapply/app/models/student.rb" timestamp="1574045909332">
        <mark key="'" line="533" column="21" />
      </file>
      <file name="$USER_HOME$/.rvm/gems/ruby-2.4.1/gems/railties-5.1.3/lib/rails/generators/generated_attribute.rb" timestamp="1538032905912">
        <mark key="'" line="62" column="36" />
        <mark key="[" line="63" column="37" />
        <mark key="]" line="63" column="36" />
        <mark key="." line="63" column="36" />
        <mark key="^" line="63" column="36" />
      </file>
      <file name="$USER_HOME$/.rvm/gems/ruby-2.4.1/gems/thor-0.20.0/lib/thor/group.rb" timestamp="1538033498046">
        <mark key="'" line="0" column="0" />
      </file>
      <file name="$USER_HOME$/Documents/Projects/rails_projects/podknife/app/javascript/components/views/CategoryLocationGrid.jsx" timestamp="1538295565594">
        <mark key="'" line="42" column="33" />
        <mark key="[" line="8" column="16" />
        <mark key="]" line="8" column="16" />
        <mark key="^" line="8" column="16" />
        <mark key="." line="8" column="16" />
      </file>
      <file name="$USER_HOME$/Documents/Projects/openapply/app/models/student_fee_ship.rb" timestamp="1574135950418">
        <mark key="[" line="29" column="47" />
        <mark key="]" line="29" column="77" />
      </file>
      <file name="$USER_HOME$/.rvm/gems/ruby-2.4.1/gems/railties-5.1.6/lib/rails/generators/actions.rb" timestamp="1538033842581">
        <mark key="'" line="298" column="0" />
      </file>
      <file name="$USER_HOME$/Documents/Projects/openapply/app/views/shared/_stacked_form_fields.html.haml" timestamp="1565753957443">
        <mark key="'" line="34" column="14" />
        <mark key="[" line="1" column="0" />
        <mark key="]" line="1" column="0" />
        <mark key="." line="1" column="0" />
      </file>
      <file name="$USER_HOME$/Documents/Projects/openapply/app/models/fields/column_multi_option.rb" timestamp="1565746057960">
        <mark key="'" line="1" column="0" />
        <mark key="[" line="26" column="0" />
        <mark key="]" line="26" column="0" />
        <mark key="^" line="26" column="0" />
        <mark key="." line="26" column="0" />
      </file>
      <file name="/Dummy.txt" timestamp="1566440578253">
        <mark key="[" line="0" column="0" />
      </file>
      <file name="$USER_HOME$/.rvm/gems/ruby-2.4.1/gems/railties-5.1.6/lib/rails/generators/base.rb" timestamp="1538033823960">
        <mark key="'" line="16" column="33" />
      </file>
      <file name="$USER_HOME$/Documents/Projects/openapply/lib/tasks/add_receive_sms_checkbox_fields.rake" timestamp="1565753336527">
        <mark key="'" line="4" column="4" />
        <mark key="[" line="9" column="34" />
        <mark key="]" line="10" column="19" />
        <mark key="." line="10" column="19" />
        <mark key="^" line="10" column="19" />
      </file>
      <file name="$USER_HOME$/Documents/Projects/openapply/app/extras/service/admin/form_generator/application_form.rb" timestamp="1566440664121">
        <mark key="'" line="4" column="0" />
      </file>
      <file name="$USER_HOME$/Documents/Projects/openapply/app/views/nv/admin/forms/_form.html.haml" timestamp="1565925816271">
        <mark key="'" line="11" column="16" />
      </file>
      <file name="$USER_HOME$/Documents/Projects/openapply/spec/extras/service/bootstrap_school_spec.rb" timestamp="1566440592889">
        <mark key="'" line="530" column="94" />
        <mark key="[" line="638" column="86" />
        <mark key="]" line="638" column="97" />
        <mark key="^" line="638" column="97" />
        <mark key="." line="638" column="97" />
      </file>
      <file name="$USER_HOME$/Documents/Projects/openapply/app/models/enrollment.rb" timestamp="1574154834683">
        <mark key="'" line="65" column="4" />
        <mark key="[" line="89" column="0" />
        <mark key="]" line="89" column="0" />
        <mark key="^" line="86" column="54" />
        <mark key="." line="89" column="0" />
      </file>
      <file name="$USER_HOME$/Documents/Projects/rails_projects/podknife/app/javascript/components/HomePage.jsx" timestamp="1538296365696">
        <mark key="'" line="17" column="0" />
        <mark key="[" line="11" column="85" />
        <mark key="]" line="8" column="16" />
        <mark key="." line="11" column="85" />
        <mark key="^" line="8" column="16" />
      </file>
      <file name="$USER_HOME$/.rvm/gems/ruby-2.3.0/gems/react-rails-2.4.4/lib/react/server_rendering/webpacker_manifest_container.rb" timestamp="1538293997850">
        <mark key="'" line="81" column="47" />
      </file>
      <file name="$USER_HOME$/Documents/Projects/openapply/lib/tasks/add_other_ree_forms.rake" timestamp="1565746845351">
        <mark key="'" line="20" column="35" />
      </file>
      <file name="$USER_HOME$/Documents/Projects/openapply/db/migrate/20130613021232_add_some_global_fields.rb" timestamp="1565926461079">
        <mark key="'" line="105" column="10" />
      </file>
      <file name="$USER_HOME$/Documents/Projects/openapply/app/controllers/concerns/base_basic.rb" timestamp="1565935049703">
        <mark key="'" line="152" column="4" />
        <mark key="[" line="34" column="0" />
        <mark key="]" line="34" column="0" />
        <mark key="." line="34" column="0" />
      </file>
      <file name="$USER_HOME$/Documents/Projects/rails_projects/podknife/app/javascript/components/SearchResultsPage.jsx" timestamp="1538205560265">
        <mark key="'" line="75" column="18" />
        <mark key="[" line="75" column="18" />
        <mark key="]" line="75" column="28" />
        <mark key="." line="75" column="28" />
        <mark key="^" line="75" column="28" />
      </file>
      <file name="$USER_HOME$/.rvm/gems/ruby-2.4.1/gems/railties-5.1.6/lib/rails/generators/named_base.rb" timestamp="1538033677913">
        <mark key="'" line="6" column="25" />
        <mark key="[" line="196" column="0" />
        <mark key="]" line="196" column="0" />
        <mark key="^" line="196" column="20" />
        <mark key="." line="196" column="0" />
      </file>
      <file name="$USER_HOME$/Documents/Projects/openapply/app/controllers/parent/profiles_controller.rb" timestamp="1565753205644">
        <mark key="'" line="68" column="18" />
        <mark key="[" line="78" column="0" />
        <mark key="]" line="78" column="0" />
        <mark key="." line="78" column="0" />
      </file>
      <file name="$USER_HOME$/Documents/Projects/rails_projects/podknife/node_modules/prop-types/prop-types.js" timestamp="1538296081522">
        <mark key="'" line="95" column="4" />
      </file>
      <file name="$USER_HOME$/.rvm/gems/ruby-2.4.1/gems/railties-5.1.6/lib/rails/generators/generated_attribute.rb" timestamp="1538033919729">
        <mark key="'" line="100" column="13" />
      </file>
      <file name="$USER_HOME$/Documents/Projects/openapply/app/extras/service/admin/form_generator/roi_form.rb" timestamp="1565937816766">
        <mark key="'" line="26" column="50" />
        <mark key="[" line="26" column="131" />
        <mark key="]" line="26" column="132" />
        <mark key="." line="26" column="132" />
        <mark key="^" line="26" column="136" />
      </file>
      <file name="$USER_HOME$/.rvm/gems/ruby-2.4.1/gems/railties-5.2.1/lib/rails/generators/model_helpers.rb" timestamp="1538029800024">
        <mark key="'" line="22" column="0" />
      </file>
      <file name="$USER_HOME$/Documents/Projects/openapply/app/models/fields/school_field.rb" timestamp="1565753127345">
        <mark key="'" line="709" column="5" />
      </file>
      <file name="$USER_HOME$/Documents/Projects/openapply/app/extras/service/finalsite_bootstrap.rb" timestamp="1565753777912">
        <mark key="'" line="669" column="11" />
      </file>
      <file name="$USER_HOME$/Documents/Projects/openapply/app/controllers/application_controller.rb" timestamp="1565934307328">
        <mark key="'" line="48" column="14" />
        <mark key="[" line="42" column="0" />
        <mark key="]" line="42" column="0" />
        <mark key="." line="42" column="0" />
      </file>
      <file name="$USER_HOME$/Documents/Projects/openapply/app/helpers/school_fields_helper.rb" timestamp="1565753976853">
        <mark key="'" line="12" column="6" />
      </file>
    </filemarks>
    <jumps>
      <jump line="13" column="3" filename="$USER_HOME$/Documents/Projects/openapply/app/models/student.rb" />
      <jump line="14" column="3" filename="$USER_HOME$/Documents/Projects/openapply/app/models/student.rb" />
      <jump line="47" column="3" filename="$USER_HOME$/Documents/Projects/openapply/app/models/student.rb" />
      <jump line="107" column="66" filename="$USER_HOME$/Documents/Projects/openapply/app/models/student.rb" />
      <jump line="167" column="18" filename="$USER_HOME$/Documents/Projects/openapply/app/models/student.rb" />
      <jump line="236" column="14" filename="$USER_HOME$/Documents/Projects/openapply/app/models/student.rb" />
      <jump line="237" column="35" filename="$USER_HOME$/Documents/Projects/openapply/app/models/student.rb" />
      <jump line="239" column="11" filename="$USER_HOME$/Documents/Projects/openapply/app/models/student.rb" />
      <jump line="293" column="110" filename="$USER_HOME$/Documents/Projects/openapply/app/models/student.rb" />
      <jump line="294" column="98" filename="$USER_HOME$/Documents/Projects/openapply/app/models/student.rb" />
      <jump line="302" column="27" filename="$USER_HOME$/Documents/Projects/openapply/app/models/student.rb" />
      <jump line="304" column="38" filename="$USER_HOME$/Documents/Projects/openapply/app/models/student.rb" />
      <jump line="311" column="22" filename="$USER_HOME$/Documents/Projects/openapply/app/models/student.rb" />
      <jump line="347" column="42" filename="$USER_HOME$/Documents/Projects/openapply/app/models/student.rb" />
      <jump line="349" column="43" filename="$USER_HOME$/Documents/Projects/openapply/app/models/student.rb" />
      <jump line="350" column="43" filename="$USER_HOME$/Documents/Projects/openapply/app/models/student.rb" />
      <jump line="352" column="10" filename="$USER_HOME$/Documents/Projects/openapply/app/models/student.rb" />
      <jump line="354" column="27" filename="$USER_HOME$/Documents/Projects/openapply/app/models/student.rb" />
      <jump line="355" column="46" filename="$USER_HOME$/Documents/Projects/openapply/app/models/student.rb" />
      <jump line="356" column="47" filename="$USER_HOME$/Documents/Projects/openapply/app/models/student.rb" />
      <jump line="357" column="47" filename="$USER_HOME$/Documents/Projects/openapply/app/models/student.rb" />
      <jump line="361" column="22" filename="$USER_HOME$/Documents/Projects/openapply/app/models/student.rb" />
      <jump line="362" column="59" filename="$USER_HOME$/Documents/Projects/openapply/app/models/student.rb" />
      <jump line="390" column="19" filename="$USER_HOME$/Documents/Projects/openapply/app/models/student.rb" />
      <jump line="391" column="13" filename="$USER_HOME$/Documents/Projects/openapply/app/models/student.rb" />
      <jump line="393" column="49" filename="$USER_HOME$/Documents/Projects/openapply/app/models/student.rb" />
      <jump line="395" column="47" filename="$USER_HOME$/Documents/Projects/openapply/app/models/student.rb" />
      <jump line="397" column="43" filename="$USER_HOME$/Documents/Projects/openapply/app/models/student.rb" />
      <jump line="398" column="16" filename="$USER_HOME$/Documents/Projects/openapply/app/models/student.rb" />
      <jump line="441" column="37" filename="$USER_HOME$/Documents/Projects/openapply/app/models/student.rb" />
      <jump line="442" column="88" filename="$USER_HOME$/Documents/Projects/openapply/app/models/student.rb" />
      <jump line="444" column="40" filename="$USER_HOME$/Documents/Projects/openapply/app/models/student.rb" />
      <jump line="449" column="47" filename="$USER_HOME$/Documents/Projects/openapply/app/models/student.rb" />
      <jump line="450" column="73" filename="$USER_HOME$/Documents/Projects/openapply/app/models/student.rb" />
      <jump line="524" column="6" filename="$USER_HOME$/Documents/Projects/openapply/app/models/student.rb" />
      <jump line="525" column="60" filename="$USER_HOME$/Documents/Projects/openapply/app/models/student.rb" />
      <jump line="527" column="47" filename="$USER_HOME$/Documents/Projects/openapply/app/models/student.rb" />
      <jump line="531" column="8" filename="$USER_HOME$/Documents/Projects/openapply/app/models/student.rb" />
      <jump line="532" column="29" filename="$USER_HOME$/Documents/Projects/openapply/app/models/student.rb" />
      <jump line="533" column="21" filename="$USER_HOME$/Documents/Projects/openapply/app/models/student.rb" />
      <jump line="14" column="0" filename="$USER_HOME$/Documents/Projects/openapply/app/models/enrollment.rb" />
      <jump line="74" column="0" filename="$USER_HOME$/Documents/Projects/openapply/app/models/enrollment.rb" />
      <jump line="0" column="0" filename="$USER_HOME$/Documents/Projects/openapply/app/models/enrollment.rb" />
      <jump line="13" column="0" filename="$USER_HOME$/Documents/Projects/openapply/app/models/enrollment.rb" />
      <jump line="17" column="0" filename="$USER_HOME$/Documents/Projects/openapply/app/models/enrollment.rb" />
      <jump line="20" column="0" filename="$USER_HOME$/Documents/Projects/openapply/app/models/enrollment.rb" />
      <jump line="22" column="0" filename="$USER_HOME$/Documents/Projects/openapply/app/models/enrollment.rb" />
      <jump line="24" column="0" filename="$USER_HOME$/Documents/Projects/openapply/app/models/enrollment.rb" />
      <jump line="28" column="0" filename="$USER_HOME$/Documents/Projects/openapply/app/models/enrollment.rb" />
      <jump line="34" column="0" filename="$USER_HOME$/Documents/Projects/openapply/app/models/enrollment.rb" />
      <jump line="3" column="0" filename="$USER_HOME$/Documents/Projects/openapply/app/models/fee.rb" />
      <jump line="754" column="0" filename="$USER_HOME$/Documents/Projects/openapply/app/models/fee.rb" />
      <jump line="751" column="0" filename="$USER_HOME$/Documents/Projects/openapply/app/models/fee.rb" />
      <jump line="11" column="0" filename="$USER_HOME$/Documents/Projects/openapply/app/models/fee.rb" />
      <jump line="71" column="2" filename="$USER_HOME$/Documents/Projects/openapply/app/models/fee.rb" />
      <jump line="55" column="24" filename="$USER_HOME$/Documents/Projects/openapply/app/models/fee.rb" />
      <jump line="33" column="0" filename="$USER_HOME$/Documents/Projects/openapply/app/models/fee.rb" />
      <jump line="24" column="0" filename="$USER_HOME$/Documents/Projects/openapply/app/models/fee.rb" />
      <jump line="29" column="0" filename="$USER_HOME$/Documents/Projects/openapply/app/models/fee.rb" />
      <jump line="31" column="0" filename="$USER_HOME$/Documents/Projects/openapply/app/models/fee.rb" />
      <jump line="40" column="0" filename="$USER_HOME$/Documents/Projects/openapply/app/models/fee.rb" />
      <jump line="45" column="0" filename="$USER_HOME$/Documents/Projects/openapply/app/models/fee.rb" />
      <jump line="48" column="0" filename="$USER_HOME$/Documents/Projects/openapply/app/models/fee.rb" />
      <jump line="60" column="0" filename="$USER_HOME$/Documents/Projects/openapply/app/models/fee.rb" />
      <jump line="62" column="0" filename="$USER_HOME$/Documents/Projects/openapply/app/models/fee.rb" />
      <jump line="70" column="0" filename="$USER_HOME$/Documents/Projects/openapply/app/models/fee.rb" />
      <jump line="72" column="0" filename="$USER_HOME$/Documents/Projects/openapply/app/models/fee.rb" />
      <jump line="74" column="0" filename="$USER_HOME$/Documents/Projects/openapply/app/models/fee.rb" />
      <jump line="75" column="0" filename="$USER_HOME$/Documents/Projects/openapply/app/models/fee.rb" />
      <jump line="113" column="0" filename="$USER_HOME$/Documents/Projects/openapply/app/models/fee.rb" />
      <jump line="105" column="0" filename="$USER_HOME$/Documents/Projects/openapply/app/models/fee.rb" />
      <jump line="102" column="0" filename="$USER_HOME$/Documents/Projects/openapply/app/models/fee.rb" />
      <jump line="98" column="0" filename="$USER_HOME$/Documents/Projects/openapply/app/models/fee.rb" />
      <jump line="94" column="0" filename="$USER_HOME$/Documents/Projects/openapply/app/models/fee.rb" />
      <jump line="92" column="0" filename="$USER_HOME$/Documents/Projects/openapply/app/models/fee.rb" />
      <jump line="88" column="0" filename="$USER_HOME$/Documents/Projects/openapply/app/models/fee.rb" />
      <jump line="86" column="0" filename="$USER_HOME$/Documents/Projects/openapply/app/models/fee.rb" />
      <jump line="84" column="0" filename="$USER_HOME$/Documents/Projects/openapply/app/models/fee.rb" />
      <jump line="73" column="12" filename="$USER_HOME$/Documents/Projects/openapply/app/models/fee.rb" />
      <jump line="117" column="17" filename="$USER_HOME$/Documents/Projects/openapply/app/models/fee.rb" />
      <jump line="131" column="36" filename="$USER_HOME$/Documents/Projects/openapply/app/models/fee.rb" />
      <jump line="25" column="6" filename="$USER_HOME$/Documents/Projects/openapply/app/models/fee.rb" />
      <jump line="118" column="17" filename="$USER_HOME$/Documents/Projects/openapply/app/models/fee.rb" />
      <jump line="65" column="36" filename="$USER_HOME$/Documents/Projects/openapply/app/models/fee.rb" />
      <jump line="37" column="6" filename="$USER_HOME$/Documents/Projects/openapply/app/models/fee.rb" />
      <jump line="0" column="0" filename="$USER_HOME$/Documents/Projects/openapply/app/models/fee.rb" />
      <jump line="47" column="2" filename="$USER_HOME$/Documents/Projects/openapply/app/models/fee.rb" />
      <jump line="143" column="12" filename="$USER_HOME$/Documents/Projects/openapply/app/models/fee.rb" />
      <jump line="166" column="15" filename="$USER_HOME$/Documents/Projects/openapply/app/models/fee.rb" />
      <jump line="92" column="22" filename="$USER_HOME$/Documents/Projects/openapply/app/models/enrollment.rb" />
      <jump line="89" column="18" filename="$USER_HOME$/Documents/Projects/openapply/app/models/enrollment.rb" />
      <jump line="94" column="4" filename="$USER_HOME$/Documents/Projects/openapply/app/models/enrollment.rb" />
      <jump line="90" column="11" filename="$USER_HOME$/Documents/Projects/openapply/app/models/enrollment.rb" />
      <jump line="23" column="16" filename="$USER_HOME$/Documents/Projects/openapply/app/models/enrollment.rb" />
      <jump line="82" column="6" filename="$USER_HOME$/Documents/Projects/openapply/app/models/enrollment.rb" />
      <jump line="85" column="16" filename="$USER_HOME$/Documents/Projects/openapply/app/models/enrollment.rb" />
      <jump line="88" column="46" filename="$USER_HOME$/Documents/Projects/openapply/app/models/enrollment.rb" />
      <jump line="87" column="4" filename="$USER_HOME$/Documents/Projects/openapply/app/models/enrollment.rb" />
      <jump line="83" column="16" filename="$USER_HOME$/Documents/Projects/openapply/app/models/enrollment.rb" />
      <jump line="65" column="4" filename="$USER_HOME$/Documents/Projects/openapply/app/models/enrollment.rb" />
    </jumps>
    <registers>
      <register name="&quot;" type="4">
        <text>g</text>
      </register>
      <register name="-" type="4">
        <text>[</text>
      </register>
      <register name="/" type="4">
        <text encoding="base64">XDxzdHVkZW50XD4=</text>
      </register>
      <register name="0" type="4">
        <text>Fee::SUPPLEMENTARY</text>
      </register>
      <register name="1" type="2">
        <text encoding="base64">ICAgICAgUmFpbHMubG9nZ2VyLmluZm8gZmVlX3NoaXAuZmVlCgo=</text>
      </register>
      <register name="2" type="2">
        <text encoding="base64">ICAgICAgUmFpbHMubG9nZ2VyLmluZm8gZmVlX3NoaXAuZmVlCgo=</text>
      </register>
      <register name="3" type="2">
        <text encoding="base64">ICAgIGRlYnVnZ2VyCiAgICAK</text>
      </register>
      <register name="4" type="2">
        <text encoding="base64">ICAgICAgLm9yKGZlZV9zaGlwcy53aGVyZShmZWVzOiB7IG5hbWU6IEZlZTo6QVBQTElDQVRJT04gfSkpCiAgICAgIC5vcihmZWVfc2hpcHMud2hlcmUoZmVlczogeyBuYW1lOiBGZWU6OlNVUFBMRU1FTlRBUlkgfSkpCg==</text>
      </register>
      <register name="5" type="2">
        <text encoding="base64">ICAgIAo=</text>
      </register>
      <register name="6" type="2">
        <text encoding="base64">ICAgICAgLgo=</text>
      </register>
      <register name="7" type="2">
        <text encoding="base64">ICAgIAo=</text>
      </register>
      <register name="8" type="2">
        <text encoding="base64">ICAgIAo=</text>
      </register>
      <register name="9" type="2">
        <text encoding="base64">ICAK</text>
      </register>
      <register name=":" type="4">
        <text>w</text>
      </register>
    </registers>
    <search>
      <last-search encoding="base64">XDxzdHVkZW50XD4=</last-search>
      <last-offset />
      <last-pattern encoding="base64">XDxzdHVkZW50XD4=</last-pattern>
      <last-dir>1</last-dir>
      <show-last>true</show-last>
    </search>
    <history>
      <history-search>
        <entry>domain</entry>
        <entry encoding="base64">XDxkeW5hbWljX2RvbWFpblw+</entry>
        <entry>school</entry>
        <entry>def find_schhol</entry>
        <entry>def find_school</entry>
        <entry encoding="base64">XDxmaXJzdF9zdWJkb21haW5cPg==</entry>
        <entry>binding</entry>
        <entry>Home Address - Country</entry>
        <entry>Home Street Address 1</entry>
        <entry>enrollment</entry>
        <entry>belongs_to</entry>
        <entry>Fee::</entry>
        <entry>Fee</entry>
        <entry>ENROLLMENT</entry>
        <entry encoding="base64">XDxmZWVzXD4=</entry>
        <entry encoding="base64">XDxzeW5jX2ZlZV9lbnJvbGxtZW50X3llYXJcPg==</entry>
        <entry encoding="base64">XDxzc1w+</entry>
        <entry encoding="base64">XDxmZWVfc2hpcHNcPg==</entry>
        <entry encoding="base64">XDxmZWVfbmFtZXNcPg==</entry>
        <entry encoding="base64">XDxzdHVkZW50XD4=</entry>
      </history-search>
      <history-cmd>
        <entry>358</entry>
        <entry>call FollowTag()</entry>
        <entry>wq</entry>
        <entry>288</entry>
        <entry>649</entry>
        <entry>w</entry>
      </history-cmd>
      <history-expr />
      <history-input />
    </history>
    <shortcut-conflicts>
      <shortcut-conflict owner="ide">
        <text>ctrl pressed H</text>
      </shortcut-conflict>
      <shortcut-conflict owner="vim">
        <text>ctrl pressed CLOSE_BRACKET</text>
      </shortcut-conflict>
      <shortcut-conflict owner="vim">
        <text>ctrl pressed R</text>
      </shortcut-conflict>
      <shortcut-conflict owner="vim">
        <text>ctrl pressed B</text>
      </shortcut-conflict>
      <shortcut-conflict owner="vim">
        <text>ctrl pressed N</text>
      </shortcut-conflict>
      <shortcut-conflict owner="vim">
        <text>ctrl pressed L</text>
      </shortcut-conflict>
      <shortcut-conflict owner="vim">
        <text>ctrl pressed V</text>
      </shortcut-conflict>
      <shortcut-conflict owner="vim">
        <text>ctrl pressed E</text>
      </shortcut-conflict>
    </shortcut-conflicts>
  </component>
</application>