<keymap version="1" name="Mac OS X 10.5+ copy" parent="Mac OS X 10.5+">
  <action id="Annotate">
    <keyboard-shortcut first-keystroke="ctrl p" second-keystroke="b" />
  </action>
  <action id="CallHierarchy" />
  <action id="EditSource">
    <keyboard-shortcut first-keystroke="ctrl close_bracket" />
  </action>
  <action id="EditorUp">
    <keyboard-shortcut first-keystroke="up" />
  </action>
  <action id="ExportToTextFile" />
  <action id="FileChooser.TogglePathShowing" />
  <action id="FindUsages">
    <keyboard-shortcut first-keystroke="shift meta h" />
  </action>
  <action id="HideActiveWindow">
    <keyboard-shortcut first-keystroke="meta escape" />
  </action>
  <action id="HighlightUsagesInFile">
    <keyboard-shortcut first-keystroke="alt h" />
  </action>
  <action id="ImplementMethods" />
  <action id="MethodHierarchy" />
  <action id="MoveTabDown">
    <keyboard-shortcut first-keystroke="ctrl p" second-keystroke="h" />
  </action>
  <action id="MoveTabRight">
    <keyboard-shortcut first-keystroke="ctrl p" second-keystroke="v" />
  </action>
  <action id="NextEditorTab">
    <keyboard-shortcut first-keystroke="shift ctrl l" />
  </action>
  <action id="NextSplitter">
    <keyboard-shortcut first-keystroke="ctrl l" />
  </action>
  <action id="NextTab">
    <keyboard-shortcut first-keystroke="shift meta k" />
  </action>
  <action id="OverrideMethods" />
  <action id="ParameterInfo" />
  <action id="PrevSplitter">
    <keyboard-shortcut first-keystroke="ctrl h" />
  </action>
  <action id="PreviousEditorTab">
    <keyboard-shortcut first-keystroke="shift ctrl h" />
  </action>
  <action id="PreviousTab">
    <keyboard-shortcut first-keystroke="shift meta j" />
  </action>
  <action id="ScrollFromSource">
    <keyboard-shortcut first-keystroke="shift meta s" />
  </action>
  <action id="ShowSettingsAndFindUsages" />
  <action id="ShowUsages">
    <keyboard-shortcut first-keystroke="meta h" />
  </action>
  <action id="SwitchApply">
    <keyboard-shortcut first-keystroke="ctrl alt enter" />
  </action>
  <action id="SwitchDown">
    <keyboard-shortcut first-keystroke="ctrl alt down" />
  </action>
  <action id="SwitchLeft">
    <keyboard-shortcut first-keystroke="ctrl alt left" />
  </action>
  <action id="SwitchRight">
    <keyboard-shortcut first-keystroke="ctrl alt right" />
  </action>
  <action id="SwitchUp">
    <keyboard-shortcut first-keystroke="ctrl alt up" />
  </action>
  <action id="ToggleDistractionFreeMode">
    <keyboard-shortcut first-keystroke="ctrl meta e" />
  </action>
  <action id="TypeHierarchy" />
  <action id="Vcs.Push" />
  <action id="Vcs.ShowTabbedFileHistory">
    <keyboard-shortcut first-keystroke="ctrl p" second-keystroke="s" />
  </action>
  <action id="com.vladsch.idea.multimarkdown.editor.actions.editorLayout.ToggleSplitLayoutChangeAction" />
  <action id="com.vladsch.idea.multimarkdown.editor.actions.styling.InsertLinkAction" />
  <action id="org.intellij.plugins.markdown.ui.actions.editorLayout.CyclicSplitLayoutChangeAction" />
</keymap>